{"1": {"time": 152.405020236969, "grab": 42.438108682632446}, "2": {"time": 73.27655053138733, "grab": 41.27436089515686}, "3": {"time": 48.2126841545105, "grab": 40.98502707481384}, "4": {"time": 36.405702114105225, "grab": 40.98017191886902}, "5": {"time": 45.80171251296997, "grab": 42.241673946380615}, "6": {"time": 24.34005355834961, "grab": 40.42324995994568}, "7": {"time": 20.756051778793335, "grab": 40.88024663925171}, "8": {"time": 18.688048362731934, "grab": 41.334911584854126}, "9": {"time": 16.23370623588562, "grab": 40.67549252510071}}